optimizer,lr,batch_size,val_loss
Adam,0.1,16,3500.5460120891703
Adam,0.1,32,737.4129821777344
Adam,0.01,16,659.4221964869006
Adam,0.01,32,573.2976186116537
