optimizer,lr,batch_size,val_loss
SGD,0.1,16,10536.77978515625
SGD,0.1,32,11933.7958984375
SGD,0.01,16,314.73405202229816
SGD,0.01,32,1185.1515502929688
Adam,0.1,16,9.49930793538806
Adam,0.1,32,1.6572602490584056
Adam,0.01,16,2.752884348233541
Adam,0.01,32,0.5194595803817114
